{"entities":{"pages":{"introduction":{"id":"introduction","title":"Introduction","url":"introduction.html","level":0,"tabIndex":0},"contact":{"id":"contact","title":"Contacting Us","url":"contact.html","level":0,"tabIndex":1},"nutshell":{"id":"nutshell","title":"Vizitest in a nutshell","url":"nutshell.html","level":0,"tabIndex":2},"Problems-we-solve":{"id":"Problems-we-solve","title":"Problems we solve","url":"problems-we-solve.html","level":0,"pages":["code-coverage","test-cases","readability","tdd","ai","time-pressure","methodology"],"tabIndex":3},"code-coverage":{"id":"code-coverage","title":"The Code Coverage problem","url":"code-coverage.html","level":1,"parentId":"Problems-we-solve","tabIndex":0},"test-cases":{"id":"test-cases","title":"The Test Case problem","url":"test-cases.html","level":1,"parentId":"Problems-we-solve","tabIndex":1},"readability":{"id":"readability","title":"The Readability problem","url":"readability.html","level":1,"parentId":"Problems-we-solve","tabIndex":2},"tdd":{"id":"tdd","title":"Test Driven Development (TDD)","url":"tdd.html","level":1,"parentId":"Problems-we-solve","tabIndex":3},"ai":{"id":"ai","title":"The AI problem","url":"ai.html","level":1,"parentId":"Problems-we-solve","tabIndex":4},"time-pressure":{"id":"time-pressure","title":"The Time Pressure problem","url":"time-pressure.html","level":1,"parentId":"Problems-we-solve","tabIndex":5},"methodology":{"id":"methodology","title":"The Methodology problem","url":"methodology.html","level":1,"parentId":"Problems-we-solve","tabIndex":6},"getting-started":{"id":"getting-started","title":"Getting started","url":"getting-started.html","level":0,"pages":["overview","system-requirements","installation","starting","updating","removing-vizitest"],"tabIndex":4},"overview":{"id":"overview","title":"Overview","url":"overview.html","level":1,"parentId":"getting-started","tabIndex":0},"system-requirements":{"id":"system-requirements","title":"System Requirements","url":"system-requirements.html","level":1,"parentId":"getting-started","tabIndex":1},"installation":{"id":"installation","title":"Installation","url":"installation.html","level":1,"parentId":"getting-started","tabIndex":2},"starting":{"id":"starting","title":"Starting Vizitest","url":"starting.html","level":1,"parentId":"getting-started","tabIndex":3},"updating":{"id":"updating","title":"Updating Vizitest","url":"updating.html","level":1,"parentId":"getting-started","tabIndex":4},"removing-vizitest":{"id":"removing-vizitest","title":"Uninstalling Vizitest","url":"removing-vizitest.html","level":1,"parentId":"getting-started","tabIndex":5},"test-manager-intro":{"id":"test-manager-intro","title":"Test Manager","url":"test-manager-intro.html","level":0,"pages":["connect-codebase","test-manager-canvas","group-rename-label","group-add-organize","search","dragging","group-delete","test-config-add","test-config-edit","other-test-config-actions","git"],"tabIndex":5},"connect-codebase":{"id":"connect-codebase","title":"Connecting to a codebase","url":"connect-codebase.html","level":1,"parentId":"test-manager-intro","tabIndex":0},"test-manager-canvas":{"id":"test-manager-canvas","title":"Test Manager Canvas","url":"test-manager-canvas.html","level":1,"parentId":"test-manager-intro","tabIndex":1},"group-rename-label":{"id":"group-rename-label","title":"Renaming and labelling Groups","url":"group-rename-label.html","level":1,"parentId":"test-manager-intro","tabIndex":2},"group-add-organize":{"id":"group-add-organize","title":"Adding and organizing Groups","url":"group-add-organize.html","level":1,"parentId":"test-manager-intro","tabIndex":3},"search":{"id":"search","title":"Searching","url":"search.html","level":1,"parentId":"test-manager-intro","tabIndex":4},"dragging":{"id":"dragging","title":"Dragging Groups","url":"dragging.html","level":1,"parentId":"test-manager-intro","tabIndex":5},"group-delete":{"id":"group-delete","title":"Deleting Groups","url":"group-delete.html","level":1,"parentId":"test-manager-intro","tabIndex":6},"test-config-add":{"id":"test-config-add","title":"Add a Test Configuration","url":"test-config-add.html","level":1,"parentId":"test-manager-intro","tabIndex":7},"test-config-edit":{"id":"test-config-edit","title":"Open/Edit a Test Configuration","url":"test-config-edit.html","level":1,"parentId":"test-manager-intro","tabIndex":8},"other-test-config-actions":{"id":"other-test-config-actions","title":"Other Test Configuration actions","url":"other-test-config-actions.html","level":1,"parentId":"test-manager-intro","tabIndex":9},"git":{"id":"git","title":"Git, recovery and rolling back","url":"git.html","level":1,"parentId":"test-manager-intro","tabIndex":10},"test-editor":{"id":"test-editor","title":"The Test Editor","url":"test-editor.html","level":0,"pages":["nav-test-manager","black-box-testing","about-test-configurations","what-are-test-types","equivalence-classes","future-test-types"],"tabIndex":6},"nav-test-manager":{"id":"nav-test-manager","title":"Navigating back to the Test Manager","url":"nav-test-manager.html","level":1,"parentId":"test-editor","tabIndex":0},"black-box-testing":{"id":"black-box-testing","title":"Black and White Box Testing","url":"black-box-testing.html","level":1,"parentId":"test-editor","tabIndex":1},"about-test-configurations":{"id":"about-test-configurations","title":"About Test Configurations","url":"about-test-configurations.html","level":1,"parentId":"test-editor","tabIndex":2},"what-are-test-types":{"id":"what-are-test-types","title":"Test Types","url":"what-are-test-types.html","level":1,"parentId":"test-editor","tabIndex":3},"equivalence-classes":{"id":"equivalence-classes","title":"Equivalence Class Partitioning","url":"equivalence-classes.html","level":1,"parentId":"test-editor","pages":["theory-ecs","practice-ecs","ec-r-value-settings","instance-component","method-component","test-case-table","codegen","side-effects","run-test","custom-assertions","mocking"],"tabIndex":4},"theory-ecs":{"id":"theory-ecs","title":"Theory","url":"theory-ecs.html","level":2,"parentId":"equivalence-classes","tabIndex":0},"practice-ecs":{"id":"practice-ecs","title":"Practice","url":"practice-ecs.html","level":2,"parentId":"equivalence-classes","tabIndex":1},"ec-r-value-settings":{"id":"ec-r-value-settings","title":"Setting Equivalence Classes and Representative Values","url":"ec-r-value-settings.html","level":2,"parentId":"equivalence-classes","tabIndex":2},"instance-component":{"id":"instance-component","title":"Instance component","url":"instance-component.html","level":2,"parentId":"equivalence-classes","tabIndex":3},"method-component":{"id":"method-component","title":"Method Component","url":"method-component.html","level":2,"parentId":"equivalence-classes","tabIndex":4},"test-case-table":{"id":"test-case-table","title":"The Test Case Table","url":"test-case-table.html","level":2,"parentId":"equivalence-classes","tabIndex":5},"codegen":{"id":"codegen","title":"Generating test code","url":"codegen.html","level":2,"parentId":"equivalence-classes","tabIndex":6},"side-effects":{"id":"side-effects","title":"Side Effects","url":"side-effects.html","level":2,"parentId":"equivalence-classes","tabIndex":7},"run-test":{"id":"run-test","title":"Running your tests","url":"run-test.html","level":2,"parentId":"equivalence-classes","tabIndex":8},"custom-assertions":{"id":"custom-assertions","title":"Creating and coding Custom Assertions","url":"custom-assertions.html","level":2,"parentId":"equivalence-classes","tabIndex":9},"mocking":{"id":"mocking","title":"Mocking and Stubbing","url":"mocking.html","level":2,"parentId":"equivalence-classes","tabIndex":10},"future-test-types":{"id":"future-test-types","title":"Future Test Types","url":"future-test-types.html","level":1,"parentId":"test-editor","pages":["api-testing","decision-flow-table","decision-flow-diagram"],"tabIndex":5},"api-testing":{"id":"api-testing","title":"API Testing","url":"api-testing.html","level":2,"parentId":"future-test-types","tabIndex":0},"decision-flow-table":{"id":"decision-flow-table","title":"Decision Flow Table","url":"decision-flow-table.html","level":2,"parentId":"future-test-types","tabIndex":1},"decision-flow-diagram":{"id":"decision-flow-diagram","title":"Decision Flow Diagram","url":"decision-flow-diagram.html","level":2,"parentId":"future-test-types","tabIndex":2},"training":{"id":"training","title":"Training","url":"training.html","level":0,"pages":["github-repo","equality-check","test-managerx","Equivalence-Class-Partitioning","X-G100-git"],"tabIndex":7},"github-repo":{"id":"github-repo","title":"Get the Github training repo","url":"github-repo.html","level":1,"parentId":"training","tabIndex":0},"equality-check":{"id":"equality-check","title":"Equality Check","url":"equality-check.html","level":1,"parentId":"training","tabIndex":1},"test-managerx":{"id":"test-managerx","title":"Test Manager","url":"test-managerx.html","level":1,"parentId":"training","pages":["A-TM10-connect-codebase","A-TM20-groups","A-TM30-groups-organize","A-TM40-create-test"],"tabIndex":2},"A-TM10-connect-codebase":{"id":"A-TM10-connect-codebase","title":"Connecting to the codebase","url":"a-tm10-connect-codebase.html","level":2,"parentId":"test-managerx","tabIndex":0},"A-TM20-groups":{"id":"A-TM20-groups","title":"Creating and labelling Groups","url":"a-tm20-groups.html","level":2,"parentId":"test-managerx","tabIndex":1},"A-TM30-groups-organize":{"id":"A-TM30-groups-organize","title":"Canvas actions","url":"a-tm30-groups-organize.html","level":2,"parentId":"test-managerx","tabIndex":2},"A-TM40-create-test":{"id":"A-TM40-create-test","title":"Create a Test Configuration","url":"a-tm40-create-test.html","level":2,"parentId":"test-managerx","tabIndex":3},"Equivalence-Class-Partitioning":{"id":"Equivalence-Class-Partitioning","title":"Equivalence Class Partitioning","url":"equivalence-class-partitioning.html","level":1,"parentId":"training","pages":["basic","C-I01-advanced","D-C01-challenges"],"tabIndex":3},"basic":{"id":"basic","title":"Basic","url":"basic.html","level":2,"parentId":"Equivalence-Class-Partitioning","pages":["about-ecs","simple-static-method","B-B30-static-method-simple-boundaries","B-B40-water-state-instance","B-B45-valid-invalid","B-B47-ec-naming","B-B50-complex-args-1","B-B60-complex-args-nested","arrays-lists-enums","generics"],"tabIndex":0},"about-ecs":{"id":"about-ecs","title":"About Equivalence Classes","url":"about-ecs.html","level":3,"parentId":"basic","tabIndex":0},"simple-static-method":{"id":"simple-static-method","title":"Simple static method","url":"simple-static-method.html","level":3,"parentId":"basic","tabIndex":1},"B-B30-static-method-simple-boundaries":{"id":"B-B30-static-method-simple-boundaries","title":"Boundary values","url":"b-b30-static-method-simple-boundaries.html","level":3,"parentId":"basic","tabIndex":2},"B-B40-water-state-instance":{"id":"B-B40-water-state-instance","title":"The Instance component","url":"b-b40-water-state-instance.html","level":3,"parentId":"basic","tabIndex":3},"B-B45-valid-invalid":{"id":"B-B45-valid-invalid","title":"Valid and Invalid Equivalence Classes","url":"b-b45-valid-invalid.html","level":3,"parentId":"basic","tabIndex":4},"B-B47-ec-naming":{"id":"B-B47-ec-naming","title":"Equivalence Class naming","url":"b-b47-ec-naming.html","level":3,"parentId":"basic","tabIndex":5},"B-B50-complex-args-1":{"id":"B-B50-complex-args-1","title":"Complex Arguments","url":"b-b50-complex-args-1.html","level":3,"parentId":"basic","tabIndex":6},"B-B60-complex-args-nested":{"id":"B-B60-complex-args-nested","title":"Nested Args and using constructors","url":"b-b60-complex-args-nested.html","level":3,"parentId":"basic","tabIndex":7},"arrays-lists-enums":{"id":"arrays-lists-enums","title":"Arrays, Lists and Enums","url":"arrays-lists-enums.html","level":3,"parentId":"basic","tabIndex":8},"generics":{"id":"generics","title":"Generic types","url":"generics.html","level":3,"parentId":"basic","tabIndex":9},"C-I01-advanced":{"id":"C-I01-advanced","title":"Advanced","url":"c-i01-advanced.html","level":2,"parentId":"Equivalence-Class-Partitioning","pages":["C-I10-mocking","C-I20-exceptions-pt2","C-I30-scenarios","C-I40-multiple-methods","C-I50-chained-methods","C-I60-effect-of-more-r-values","C-I70-side-effects","C-I80-custom-assertions"],"tabIndex":1},"C-I10-mocking":{"id":"C-I10-mocking","title":"Test Doubles - Mocking and Stubbing","url":"c-i10-mocking.html","level":3,"parentId":"C-I01-advanced","tabIndex":0},"C-I20-exceptions-pt2":{"id":"C-I20-exceptions-pt2","title":"More on Exceptions","url":"c-i20-exceptions-pt2.html","level":3,"parentId":"C-I01-advanced","tabIndex":1},"C-I30-scenarios":{"id":"C-I30-scenarios","title":"Scenarios","url":"c-i30-scenarios.html","level":3,"parentId":"C-I01-advanced","tabIndex":2},"C-I40-multiple-methods":{"id":"C-I40-multiple-methods","title":"Multiple Methods","url":"c-i40-multiple-methods.html","level":3,"parentId":"C-I01-advanced","tabIndex":3},"C-I50-chained-methods":{"id":"C-I50-chained-methods","title":"Chained Methods","url":"c-i50-chained-methods.html","level":3,"parentId":"C-I01-advanced","tabIndex":4},"C-I60-effect-of-more-r-values":{"id":"C-I60-effect-of-more-r-values","title":"Adding More Equivalence Classes and Representative Values","url":"c-i60-effect-of-more-r-values.html","level":3,"parentId":"C-I01-advanced","tabIndex":5},"C-I70-side-effects":{"id":"C-I70-side-effects","title":"Side Effects","url":"c-i70-side-effects.html","level":3,"parentId":"C-I01-advanced","tabIndex":6},"C-I80-custom-assertions":{"id":"C-I80-custom-assertions","title":"Custom Assertions","url":"c-i80-custom-assertions.html","level":3,"parentId":"C-I01-advanced","tabIndex":7},"D-C01-challenges":{"id":"D-C01-challenges","title":"Challenge tasks","url":"d-c01-challenges.html","level":2,"parentId":"Equivalence-Class-Partitioning","tabIndex":2},"X-G100-git":{"id":"X-G100-git","title":"Vizitest and Git","url":"x-g100-git.html","level":1,"parentId":"training","tabIndex":4},"roadmap":{"id":"roadmap","title":"Roadmap","url":"roadmap.html","level":0,"pages":["in-progress","short-term","medium-term"],"tabIndex":8},"in-progress":{"id":"in-progress","title":"In Progress","url":"in-progress.html","level":1,"parentId":"roadmap","tabIndex":0},"short-term":{"id":"short-term","title":"Short Term","url":"short-term.html","level":1,"parentId":"roadmap","tabIndex":1},"medium-term":{"id":"medium-term","title":"Medium Term","url":"medium-term.html","level":1,"parentId":"roadmap","tabIndex":2},"release-notes":{"id":"release-notes","title":"Release notes","url":"release-notes.html","level":0,"tabIndex":9}}},"topLevelIds":["introduction","contact","nutshell","Problems-we-solve","getting-started","test-manager-intro","test-editor","training","roadmap","release-notes"]}