{"title":"Vizitest Documentation and Support","subtitle":"Welcome to the Vizitest help center.","tips":[{"title":"Overview","description":"Vizitest in a nutshell - a couple of videos explaining core Vizitest concepts.","url":"nutshell.html","type":"presentation"},{"title":"Training","description":"Get started with step-by-step training.","url":"training.html","type":"learn"}],"main":{"title":"User Guide","data":[{"title":"Getting Started","description":"Installing Vizitest and getting up and running quickly.","url":"gettng-started-overview.html","type":"start"},{"title":"Problems we solve","description":"Problems faced when implementing a testing strategy and how Vizitest helps.","url":"problems-we-solve.html","type":"library"},{"title":"User Guide","description":"Learn about the Test Manager and Test Editor","url":"user-guide.html","type":"library"}]},"highlighted":{"title":"Support","data":[{"title":"Chat and support channels","description":"Contact us by email, support ticket or on your preferred chat channel","url":"contact.html","type":"community"}]},"prevNextLinks":{"nextPageUrl":"nutshell.html","nextPageTitle":"Video overview"}}