{"title":"Vizitest Documentation and Support","subtitle":"Welcome to the Vizitest help center.","tips":[{"title":"Vizitest Overview","description":"Vizitest in a nutshell - a couple of videos explaining core Vizitest concepts.","url":"nutshell.html","type":"presentation"},{"title":"Vizitest Training","description":"Get started with step-by-step training.","url":"training.html","type":"learn"}],"main":{"title":"User Guide and Training","data":[{"title":"Getting Started","description":"Installing Vizitest and getting up and running quickly.","url":"getting-started.html","type":"start"},{"title":"Problems we solve","description":"Problems faced when implementing a testing strategy and how Vizitest helps.","url":"test-manager-intro.html","type":"library"},{"title":"User Guide","description":"Learn about the Test Manager and Test Editor","url":"test-manager-intro.html","type":"library"},{"title":"Training","description":"Step-by-step training materials to help you learn Vizitest one step at a time.","url":"training.html","type":"learn"}]},"highlighted":{"title":"Support","data":[{"title":"Chat and support channels","description":"Contact us by email, support ticket or on your preferred chat channel","url":"contact.html","type":"community"}]},"prevNextLinks":{"nextPageUrl":"nutshell.html","nextPageTitle":"Vizitest in a nutshell"}}